approach,mean_outer_rmse,std_outer_rmse
elastic_net,35.810060338909004,7.032797817317284
pls_pcr,37.26275520286941,9.600035052667437
tree_ensembles,48.4498737035524,12.534620138815436
